job_role,skill
software engineer,python
software engineer,java
software engineer,c++
software engineer,git
software engineer,software design
software engineer,problem solving
full stack developer,javascript
full stack developer,react
full stack developer,node.js
full stack developer,html/css
full stack developer,database
full stack developer,git
frontend developer,javascript
frontend developer,react
frontend developer,vue.js
frontend developer,css
frontend developer,html
frontend developer,ui/ux design
backend developer,python
backend developer,java
backend developer,node.js
backend developer,database design
backend developer,api development
backend developer,sql
devops engineer,docker
devops engineer,kubernetes
devops engineer,aws
devops engineer,linux
devops engineer,ci/cd
devops engineer,scripting
cloud architect,aws
cloud architect,azure
cloud architect,gcp
cloud architect,system design
cloud architect,networking
cloud architect,security
data scientist,python
data scientist,machine learning
data scientist,statistics
data scientist,tensorflow
data scientist,sql
data scientist,data analysis
machine learning engineer,python
machine learning engineer,tensorflow
machine learning engineer,pytorch
machine learning engineer,deep learning
machine learning engineer,statistics
machine learning engineer,research
data engineer,python
data engineer,spark
data engineer,hadoop
data engineer,sql
data engineer,data warehousing
data engineer,etl
database administrator,sql
database administrator,mongodb
database administrator,database optimization
database administrator,linux
database administrator,backup recovery
database administrator,security
systems administrator,windows server
systems administrator,linux
systems administrator,networking
systems administrator,security
systems administrator,active directory
systems administrator,troubleshooting
network engineer,cisco
network engineer,networking
network engineer,tcp/ip
network engineer,security
network engineer,routing
network engineer,configuration
cybersecurity specialist,penetration testing
cybersecurity specialist,security protocols
cybersecurity specialist,networking
cybersecurity specialist,risk analysis
cybersecurity specialist,encryption
cybersecurity specialist,firewalls
security engineer,security architecture
security engineer,encryption
security engineer,networking
security engineer,linux
security engineer,risk management
security engineer,compliance
mobile developer android,java
mobile developer android,kotlin
mobile developer android,android sdk
mobile developer android,xml
mobile developer android,rest api
mobile developer android,mobile design
mobile developer ios,swift
mobile developer ios,objective-c
mobile developer ios,ios sdk
mobile developer ios,xcode
mobile developer ios,rest api
mobile developer ios,mobile design
game developer,unity
game developer,unreal engine
game developer,c#
game developer,c++
game developer,game physics
game developer,graphics programming
qa engineer,test automation
qa engineer,selenium
qa engineer,manual testing
qa engineer,bug tracking
qa engineer,sql
qa engineer,api testing
software architect,system design
software architect,architecture patterns
software architect,microservices
software architect,scalability
software architect,leadership
software architect,multiple languages
technical lead,leadership
technical lead,code review
technical lead,mentoring
technical lead,architecture
technical lead,problem solving
technical lead,communication
data analyst,sql
data analyst,python
data analyst,excel
data analyst,tableau
data analyst,data visualization
data analyst,statistical analysis
business analyst,requirements gathering
business analyst,sql
business analyst,excel
business analyst,process improvement
business analyst,documentation
business analyst,stakeholder communication
bi developer,power bi
bi developer,tableau
bi developer,sql
bi developer,etl
bi developer,database design
bi developer,data visualization
bi analyst,sql
bi analyst,tableau
bi analyst,power bi
bi analyst,excel
bi analyst,data analysis
bi analyst,reporting
analytics engineer,sql
analytics engineer,python
analytics engineer,dbt
analytics engineer,data modeling
analytics engineer,analytics
analytics engineer,cloud platforms
accountant,accounting principles
accountant,quickbooks
accountant,excel
accountant,financial analysis
accountant,tax knowledge
accountant,gaap
financial analyst,financial modeling
financial analyst,excel
financial analyst,python
financial analyst,statistics
financial analyst,valuation
financial analyst,risk analysis
investment banking analyst,financial modeling
investment banking analyst,valuation
investment banking analyst,excel
investment banking analyst,research
investment banking analyst,communication
investment banking analyst,m&a
audit manager,audit procedures
audit manager,internal controls
audit manager,risk assessment
audit manager,leadership
audit manager,compliance
audit manager,communication
tax specialist,tax law
tax specialist,tax planning
tax specialist,accounting
tax specialist,irs knowledge
tax specialist,software
tax specialist,compliance
controller,leadership
controller,financial reporting
controller,accounting
controller,fp&a
controller,risk management
controller,strategy
cfo,strategic leadership
cfo,financial strategy
cfo,risk management
cfo,board communication
cfo,m&a
cfo,investor relations
budget analyst,budget planning
budget analyst,forecasting
budget analyst,excel
budget analyst,financial analysis
budget analyst,communication
budget analyst,attention to detail
hr manager,recruitment
hr manager,employee relations
hr manager,compensation
hr manager,compliance
hr manager,leadership
hr manager,communication
talent acquisition specialist,recruitment
talent acquisition specialist,networking
talent acquisition specialist,interviewing
talent acquisition specialist,job posting
talent acquisition specialist,ats systems
talent acquisition specialist,communication
hr business partner,strategic hr
hr business partner,business acumen
hr business partner,employee relations
hr business partner,coaching
hr business partner,data analysis
hr business partner,leadership
training specialist,training program development
training specialist,presentation
training specialist,elearning
training specialist,assessment
training specialist,communication
training specialist,instructional design
learning & development manager,curriculum development
learning & development manager,leadership
learning & development manager,training design
learning & development manager,e-learning
learning & development manager,coaching
learning & development manager,project management
compensation & benefits manager,compensation strategy
compensation & benefits manager,benefits administration
compensation & benefits manager,excel
compensation & benefits manager,market analysis
compensation & benefits manager,compliance
compensation & benefits manager,communication
hr operations manager,hr systems
hr operations manager,process management
hr operations manager,compliance
hr operations manager,data analysis
hr operations manager,leadership
hr operations manager,problem solving
chief people officer,strategic leadership
chief people officer,organizational development
chief people officer,culture building
chief people officer,change management
chief people officer,executive communication
chief people officer,vision setting
marketing manager,campaign management
marketing manager,brand strategy
marketing manager,analytics
marketing manager,budget management
marketing manager,leadership
marketing manager,communication
digital marketing manager,seo
digital marketing manager,sem
digital marketing manager,social media
digital marketing manager,analytics
digital marketing manager,content strategy
digital marketing manager,email marketing
seo specialist,seo
seo specialist,keyword research
seo specialist,technical seo
seo specialist,analytics
seo specialist,content optimization
seo specialist,backlink strategy
content marketing manager,content strategy
content marketing manager,writing
content marketing manager,seo
content marketing manager,analytics
content marketing manager,project management
content marketing manager,research
social media manager,social media strategy
social media manager,content creation
social media manager,community management
social media manager,analytics
social media manager,copywriting
social media manager,platform knowledge
email marketing specialist,email campaign management
email marketing specialist,segmentation
email marketing specialist,a/b testing
email marketing specialist,analytics
email marketing specialist,copywriting
email marketing specialist,automation platforms
product manager,product strategy
product manager,market analysis
product manager,user research
product manager,data analysis
product manager,leadership
product manager,communication
product marketing manager,product strategy
product marketing manager,market research
product marketing manager,positioning
product marketing manager,messaging
product marketing manager,campaign management
product marketing manager,analytics
sales manager,sales strategy
sales manager,team leadership
sales manager,crm
sales manager,negotiation
sales manager,target setting
sales manager,communication
sales executive,selling
sales executive,negotiation
sales executive,client relationships
sales executive,crm
sales executive,product knowledge
sales executive,communication
account executive,account management
account executive,sales
account executive,relationship building
account executive,crm
account executive,negotiation
account executive,product knowledge
business development manager,business development strategy
business development manager,networking
business development manager,sales
business development manager,negotiation
business development manager,market analysis
business development manager,communication
marketing director,strategic marketing
marketing director,leadership
marketing director,budget management
marketing director,brand strategy
marketing director,analytics
marketing director,team management
chief marketing officer,strategic leadership
chief marketing officer,brand vision
chief marketing officer,executive communication
chief marketing officer,p&l management
chief marketing officer,market strategy
chief marketing officer,team leadership
cmo,strategic leadership
cmo,brand management
cmo,executive communication
cmo,market intelligence
cmo,digital transformation
cmo,vision
operations manager,process management
operations manager,efficiency optimization
operations manager,leadership
operations manager,quality control
operations manager,project management
operations manager,data analysis
supply chain manager,supply chain strategy
supply chain manager,procurement
supply chain manager,vendor management
supply chain manager,forecasting
supply chain manager,inventory management
supply chain manager,analytics
logistics manager,logistics planning
logistics manager,distribution
logistics manager,fleet management
logistics manager,cost optimization
logistics manager,supplier management
logistics manager,software
warehouse manager,warehouse management
warehouse manager,inventory control
warehouse manager,staff management
warehouse manager,safety
warehouse manager,organization
warehouse manager,problem solving
quality assurance manager,quality management
quality assurance manager,process improvement
quality assurance manager,statistical analysis
quality assurance manager,compliance
quality assurance manager,leadership
quality assurance manager,problem solving
process improvement manager,lean manufacturing
process improvement manager,six sigma
process improvement manager,process analysis
process improvement manager,data analysis
process improvement manager,leadership
process improvement manager,change management
procurement manager,procurement strategy
procurement manager,vendor management
procurement manager,negotiation
procurement manager,cost analysis
procurement manager,compliance
procurement manager,strategic sourcing
demand planner,demand forecasting
demand planner,statistical analysis
demand planner,erp systems
demand planner,supply planning
demand planner,data analysis
demand planner,excel
production manager,production planning
production manager,staff management
production manager,quality control
production manager,equipment maintenance
production manager,safety
production manager,problem solving
mechanical engineer,cad
mechanical engineer,mechanical design
mechanical engineer,physics
mechanical engineer,thermodynamics
mechanical engineer,problem solving
mechanical engineer,technical documentation
civil engineer,cad
civil engineer,project management
civil engineer,structural analysis
civil engineer,building codes
civil engineer,autocad
civil engineer,technical design
electrical engineer,circuit design
electrical engineer,electrical systems
electrical engineer,cad
electrical engineer,power systems
electrical engineer,troubleshooting
electrical engineer,technical knowledge
electronics engineer,circuit design
electronics engineer,embedded systems
electronics engineer,microcontrollers
electronics engineer,cad
electronics engineer,hardware design
electronics engineer,pcb design
embedded systems engineer,c/c++
embedded systems engineer,embedded linux
embedded systems engineer,hardware
embedded systems engineer,microcontrollers
embedded systems engineer,real-time systems
embedded systems engineer,low-level programming
chemical engineer,chemical processes
chemical engineer,safety
chemical engineer,data analysis
chemical engineer,thermochemistry
chemical engineer,process design
chemical engineer,laboratory skills
manufacturing engineer,process design
manufacturing engineer,cad
manufacturing engineer,production planning
manufacturing engineer,quality control
manufacturing engineer,problem solving
manufacturing engineer,equipment knowledge
automotive engineer,cad
automotive engineer,vehicle systems
automotive engineer,thermal systems
automotive engineer,materials
automotive engineer,testing
automotive engineer,problem solving
aerospace engineer,cad
aerospace engineer,aerodynamics
aerospace engineer,structural analysis
aerospace engineer,matlab
aerospace engineer,physics
aerospace engineer,design
environmental engineer,environmental assessment
environmental engineer,regulations
environmental engineer,water systems
environmental engineer,waste management
environmental engineer,sustainability
environmental engineer,analysis
structural engineer,structural analysis
structural engineer,cad
structural engineer,building codes
structural engineer,materials
structural engineer,calculations
structural engineer,design
project engineer,project management
project engineer,technical knowledge
project engineer,documentation
project engineer,coordination
project engineer,problem solving
project engineer,communication
project manager,project management
project manager,budget control
project manager,timeline management
project manager,team leadership
project manager,risk management
project manager,communication
construction manager,project management
construction manager,construction knowledge
construction manager,safety
construction manager,budget control
construction manager,contractor management
construction manager,compliance
real estate agent,sales
real estate agent,customer service
real estate agent,marketing
real estate agent,negotiation
real estate agent,property knowledge
real estate agent,communication
real estate broker,sales leadership
real estate broker,real estate knowledge
real estate broker,negotiation
real estate broker,business development
real estate broker,team management
real estate broker,communication
architect,architectural design
architect,cad
architect,building codes
architect,creativity
architect,technical knowledge
architect,client communication
landscape architect,design
landscape architect,cad
landscape architect,horticulture
landscape architect,environmental knowledge
landscape architect,creativity
landscape architect,technical skills
teacher,instruction
teacher,curriculum development
teacher,student assessment
teacher,communication
teacher,classroom management
teacher,patience
college professor,research
college professor,teaching
college professor,publication
college professor,mentoring
college professor,subject matter expertise
college professor,communication
training manager,program design
training manager,leadership
training manager,instruction
training manager,evaluation
training manager,curriculum development
training manager,communication
instructional designer,course development
instructional designer,adult learning
instructional designer,technology
instructional designer,e-learning
instructional designer,assessment
instructional designer,creativity
school principal,educational leadership
school principal,management
school principal,budgeting
school principal,staff management
school principal,community relations
school principal,vision
academic advisor,academic planning
academic advisor,student support
academic advisor,counseling
academic advisor,communication
academic advisor,problem solving
academic advisor,organization
nurse,patient care
nurse,medical knowledge
nurse,communication
nurse,critical thinking
nurse,compassion
nurse,attention to detail
registered nurse,nursing care
registered nurse,patient monitoring
registered nurse,medical records
registered nurse,communication
registered nurse,critical thinking
registered nurse,clinical skills
nursing manager,nursing leadership
nursing manager,staff management
nursing manager,patient safety
nursing manager,budget management
nursing manager,communication
nursing manager,clinical knowledge
physician,medical knowledge
physician,diagnosis
physician,treatment
physician,patient communication
physician,decision making
physician,empathy
surgeon,surgical expertise
surgeon,precision
surgeon,problem solving
surgeon,patient care
surgeon,research
surgeon,technical skills
pharmacist,pharmacy knowledge
pharmacist,patient counseling
pharmacist,drug interactions
pharmacist,attention to detail
pharmacist,communication
pharmacist,accuracy
physical therapist,physical therapy
physical therapist,patient assessment
physical therapist,exercise prescription
physical therapist,communication
physical therapist,anatomy knowledge
physical therapist,compassion
occupational therapist,occupational therapy
occupational therapist,patient assessment
occupational therapist,treatment planning
occupational therapist,communication
occupational therapist,problem solving
occupational therapist,empathy
medical technologist,lab testing
medical technologist,quality control
medical technologist,analysis
medical technologist,attention to detail
medical technologist,equipment operation
medical technologist,accuracy
healthcare administrator,healthcare management
healthcare administrator,budget control
healthcare administrator,leadership
healthcare administrator,compliance
healthcare administrator,strategic planning
healthcare administrator,communication
clinical lab scientist,laboratory analysis
clinical lab scientist,quality control
clinical lab scientist,equipment maintenance
clinical lab scientist,data analysis
clinical lab scientist,attention to detail
clinical lab scientist,safety
radiographer,imaging technology
radiographer,patient care
radiographer,radiation safety
radiographer,technical skills
radiographer,communication
radiographer,attention to detail
dentist,dental procedures
dentist,patient communication
dentist,diagnosis
dentist,attention to detail
dentist,compassion
dentist,clinical skills
psychologist,psychological assessment
psychologist,counseling
psychologist,research
psychologist,patient communication
psychologist,critical thinking
psychologist,empathy
psychiatrist,psychiatric diagnosis
psychiatrist,treatment planning
psychiatrist,patient communication
psychiatrist,medical knowledge
psychiatrist,problem solving
psychiatrist,empathy
graphic designer,design software
graphic designer,creativity
graphic designer,visual communication
graphic designer,adobe creative suite
graphic designer,branding
graphic designer,attention to detail
ux designer,user research
ux designer,wireframing
ux designer,prototyping
ux designer,usability testing
ux designer,design thinking
ux designer,communication
ui designer,visual design
ui designer,prototyping tools
ui designer,design systems
ui designer,ui principles
ui designer,figma
ui designer,creativity
web designer,web design
web designer,html/css
web designer,design tools
web designer,user experience
web designer,responsive design
web designer,creativity
video editor,video editing software
video editor,storytelling
video editor,color grading
video editor,audio editing
video editor,creativity
video editor,attention to detail
animator,animation software
animator,creativity
animator,storytelling
animator,drawing
animator,timing
animator,technical skills
3d artist,3d modeling
3d artist,texturing
3d artist,rendering
3d artist,software skills
3d artist,creativity
3d artist,problem solving
creative director,creative vision
creative director,leadership
creative director,communication
creative director,design knowledge
creative director,strategic thinking
creative director,team management
art director,artistic direction
art director,visual communication
art director,team leadership
art director,design principles
art director,communication
art director,creativity
photographer,photography
photographer,editing software
photographer,lighting
photographer,composition
photographer,client service
photographer,creativity
copywriter,writing
copywriter,creativity
copywriter,seo knowledge
copywriter,marketing
copywriter,brand voice
copywriter,research
journalist,writing
journalist,reporting
journalist,research
journalist,communication
journalist,ethics
journalist,source development
producer,production management
producer,leadership
producer,technical knowledge
producer,problem solving
producer,communication
producer,creativity
director,strategic planning
director,leadership
director,department management
director,budget control
director,decision making
director,communication
writer,writing
writer,storytelling
writer,research
writer,creativity
writer,communication
writer,attention to detail
editor,content editing
editor,writing
editor,organization
editor,attention to detail
editor,communication
editor,management
sound engineer,audio engineering
sound engineer,sound design
sound engineer,technical skills
sound engineer,equipment knowledge
sound engineer,problem solving
sound engineer,precision
broadcast technician,broadcasting
broadcast technician,equipment operation
broadcast technician,technical knowledge
broadcast technician,troubleshooting
broadcast technician,safety
broadcast technician,attention to detail
lawyer,legal knowledge
lawyer,research
lawyer,writing
lawyer,negotiation
lawyer,communication
lawyer,ethics
paralegal,legal research
paralegal,document preparation
paralegal,organization
paralegal,communication
paralegal,attention to detail
paralegal,legal knowledge
legal secretary,legal knowledge
legal secretary,administrative skills
legal secretary,organization
legal secretary,communication
legal secretary,typing
legal secretary,attention to detail
law clerk,legal research
law clerk,writing
law clerk,analysis
law clerk,attention to detail
law clerk,communication
law clerk,problem solving
judge,legal expertise
judge,decision making
judge,ethics
judge,fairness
judge,communication
judge,leadership
corporate lawyer,corporate law
corporate lawyer,contract negotiation
corporate lawyer,research
corporate lawyer,writing
corporate lawyer,strategic thinking
corporate lawyer,communication
patent attorney,patent law
patent attorney,technical knowledge
patent attorney,research
patent attorney,writing
patent attorney,communication
patent attorney,legal expertise
tax attorney,tax law
tax attorney,legal research
tax attorney,planning
tax attorney,writing
tax attorney,communication
tax attorney,analytical skills
management consultant,business analysis
management consultant,problem solving
management consultant,communication
management consultant,research
management consultant,strategic thinking
management consultant,project management
strategy consultant,strategic thinking
strategy consultant,analysis
strategy consultant,communication
strategy consultant,market knowledge
strategy consultant,problem solving
strategy consultant,leadership
business consultant,business analysis
business consultant,process improvement
business consultant,communication
business consultant,problem solving
business consultant,data analysis
business consultant,project management
it consultant,it knowledge
it consultant,problem solving
it consultant,communication
it consultant,system design
it consultant,project management
it consultant,technical expertise
hr consultant,hr expertise
hr consultant,organizational development
hr consultant,communication
hr consultant,problem solving
hr consultant,strategic thinking
hr consultant,analysis
customer service representative,customer service
customer service representative,communication
customer service representative,problem solving
customer service representative,patience
customer service representative,product knowledge
customer service representative,attention to detail
customer success manager,customer relations
customer success manager,account management
customer success manager,problem solving
customer success manager,communication
customer success manager,product knowledge
customer success manager,analytics
call center manager,team management
call center manager,customer service
call center manager,leadership
call center manager,performance metrics
call center manager,problem solving
call center manager,communication
technical support specialist,technical knowledge
technical support specialist,troubleshooting
technical support specialist,communication
technical support specialist,customer service
technical support specialist,problem solving
technical support specialist,patience
research scientist,research
research scientist,scientific knowledge
research scientist,experimentation
research scientist,data analysis
research scientist,writing
research scientist,problem solving
product researcher,research methodology
product researcher,data analysis
product researcher,user research
product researcher,report writing
product researcher,problem solving
product researcher,communication
laboratory manager,laboratory management
laboratory manager,scientific knowledge
laboratory manager,leadership
laboratory manager,safety
laboratory manager,equipment maintenance
laboratory manager,quality control
administrative assistant,administrative skills
administrative assistant,organization
administrative assistant,communication
administrative assistant,time management
administrative assistant,typing
administrative assistant,software skills
executive assistant,executive support
executive assistant,organization
executive assistant,communication
executive assistant,discretion
executive assistant,problem solving
executive assistant,leadership support
office manager,office management
office manager,leadership
office manager,organization
office manager,communication
office manager,problem solving
office manager,administrative skills
receptionist,customer service
receptionist,communication
receptionist,organization
receptionist,phone skills
receptionist,computer skills
receptionist,friendliness
chief executive officer,strategic leadership
chief executive officer,vision
chief executive officer,decision making
chief executive officer,business acumen
chief executive officer,communication
chief executive officer,executive management
coo,operations management
coo,strategic thinking
coo,leadership
coo,business operations
coo,decision making
coo,communication
vice president,strategic leadership
vice president,department management
vice president,business development
vice president,decision making
vice president,communication
vice president,vision
general manager,business management
general manager,leadership
general manager,p&l responsibility
general manager,strategic planning
general manager,decision making
general manager,communication
government analyst,policy analysis
government analyst,research
government analyst,writing
government analyst,data analysis
government analyst,government knowledge
government analyst,communication
public administrator,public administration
public administrator,leadership
public administrator,policy knowledge
public administrator,budget management
public administrator,strategic planning
public administrator,communication
policy advisor,policy expertise
policy advisor,analysis
policy advisor,writing
policy advisor,research
policy advisor,strategic thinking
policy advisor,communication
electrical utilities manager,electrical systems
electrical utilities manager,management
electrical utilities manager,safety
electrical utilities manager,regulatory knowledge
electrical utilities manager,problem solving
electrical utilities manager,leadership
water treatment operator,water treatment
water treatment operator,equipment operation
water treatment operator,safety
water treatment operator,testing
water treatment operator,compliance
water treatment operator,maintenance
safety engineer,safety management
safety engineer,risk assessment
safety engineer,regulatory knowledge
safety engineer,problem solving
safety engineer,communication
safety engineer,leadership
agricultural engineer,agricultural systems
agricultural engineer,equipment design
agricultural engineer,problem solving
agricultural engineer,technical knowledge
agricultural engineer,sustainability
agricultural engineer,analysis
food scientist,food science
food scientist,research
food scientist,testing
food scientist,quality control
food scientist,problem solving
food scientist,technical knowledge
nutritionist,nutrition science
nutritionist,meal planning
nutritionist,client communication
nutritionist,research
nutritionist,health knowledge
nutritionist,counseling
chef,cooking
chef,recipe development
chef,kitchen management
chef,creativity
chef,food safety
chef,time management
restaurant manager,restaurant management
restaurant manager,leadership
restaurant manager,customer service
restaurant manager,financial management
restaurant manager,staff management
restaurant manager,communication
hotel manager,hotel management
hotel manager,leadership
hotel manager,customer service
hotel manager,budget control
hotel manager,staff management
hotel manager,communication
event coordinator,event planning
event coordinator,organization
event coordinator,communication
event coordinator,problem solving
event coordinator,vendor management
event coordinator,budget management
travel agent,travel knowledge
travel agent,customer service
travel agent,sales
travel agent,computer skills
travel agent,organization
travel agent,communication
tour guide,communication
tour guide,regional knowledge
tour guide,customer service
tour guide,cultural sensitivity
tour guide,problem solving
tour guide,enthusiasm
sports manager,sports management
sports manager,leadership
sports manager,marketing
sports manager,financial management
sports manager,problem solving
sports manager,communication
coach,athletic knowledge
coach,coaching
coach,leadership
coach,communication
coach,motivation
coach,training program design
personal trainer,fitness knowledge
personal trainer,training program design
personal trainer,motivation
personal trainer,communication
personal trainer,anatomy
personal trainer,problem solving
fitness manager,fitness industry knowledge
fitness manager,management
fitness manager,customer service
fitness manager,sales
fitness manager,leadership
fitness manager,communication
truck driver,driving
truck driver,safety
truck driver,route planning
truck driver,vehicle maintenance
truck driver,time management
truck driver,responsibility
delivery driver,driving
delivery driver,customer service
delivery driver,organization
delivery driver,time management
delivery driver,safety
delivery driver,communication
fleet manager,fleet management
fleet manager,maintenance
fleet manager,safety
fleet manager,cost management
fleet manager,leadership
fleet manager,problem solving
pilot,flying
pilot,navigation
pilot,safety
pilot,technical knowledge
pilot,decision making
pilot,responsibility
social worker,case management
social worker,counseling
social worker,problem solving
social worker,communication
social worker,empathy
social worker,crisis intervention
counselor,counseling
counselor,active listening
counselor,problem solving
counselor,empathy
counselor,communication
counselor,treatment planning
community outreach coordinator,community engagement
community outreach coordinator,program management
community outreach coordinator,communication
community outreach coordinator,organization
community outreach coordinator,problem solving
community outreach coordinator,cultural sensitivity
grant writer,grant writing
grant writer,research
grant writer,communication
grant writer,organization
grant writer,problem solving
grant writer,fundraising knowledge
non-profit director,non-profit leadership
non-profit director,fundraising
non-profit director,strategic planning
non-profit director,budget management
non-profit director,communication
non-profit director,vision
fundraiser,fundraising
fundraiser,relationship building
fundraiser,communication
fundraiser,sales
fundraiser,problem solving
fundraiser,event planning
environmental scientist,environmental science
environmental scientist,research
environmental scientist,analysis
environmental scientist,problem solving
environmental scientist,technical knowledge
environmental scientist,sustainability
sustainability consultant,sustainability strategy
sustainability consultant,environmental knowledge
sustainability consultant,business acumen
sustainability consultant,communication
sustainability consultant,problem solving
sustainability consultant,analysis
content creator,content creation
content creator,social media
content creator,video production
content creator,creativity
content creator,communication
content creator,technical skills
social media content creator,social media
social media content creator,content creation
social media content creator,photography/videography
social media content creator,analytics
social media content creator,creativity
social media content creator,communication
videographer,video shooting
videographer,editing
videographer,lighting
videographer,storytelling
videographer,technical skills
videographer,creativity
blockchain developer,solidity
blockchain developer,cryptocurrency
blockchain developer,smart contracts
blockchain developer,blockchain technology
blockchain developer,python
blockchain developer,problem solving
ai/ml specialist,artificial intelligence
ai/ml specialist,deep learning
ai/ml specialist,python
ai/ml specialist,tensorflow
ai/ml specialist,research
ai/ml specialist,problem solving
iot engineer,iot technology
iot engineer,embedded systems
iot engineer,networking
iot engineer,c/c++
iot engineer,sensors
iot engineer,system design
ar/vr developer,unity
ar/vr developer,unreal engine
ar/vr developer,c#
ar/vr developer,3d graphics
ar/vr developer,ar/vr platforms
ar/vr developer,problem solving
devsecops engineer,devops
devsecops engineer,security
devsecops engineer,ci/cd
devsecops engineer,container security
devsecops engineer,compliance
devsecops engineer,linux
solution architect,solution design
solution architect,system architecture
solution architect,technical expertise
solution architect,communication
solution architect,business acumen
solution architect,leadership
enterprise architect,enterprise architecture
enterprise architect,strategic design
enterprise architect,leadership
enterprise architect,communication
enterprise architect,technical expertise
enterprise architect,vision
react developer,javascript
react developer,react
react developer,css
react developer,html
react developer,redux
react developer,api integration
vue developer,javascript
vue developer,vue.js
vue developer,css
vue developer,html
vue developer,vuex
vue developer,api integration
angular developer,javascript
angular developer,angular
angular developer,typescript
angular developer,css
angular developer,rxjs
angular developer,api integration
php developer,php
php developer,laravel
php developer,symfony
php developer,mysql
php developer,api development
php developer,html/css
python developer,python
python developer,django
python developer,flask
python developer,sql
python developer,rest api
python developer,problem solving
ruby developer,ruby
ruby developer,ruby on rails
ruby developer,sql
ruby developer,html/css
ruby developer,api development
ruby developer,problem solving
go developer,go
go developer,microservices
go developer,api development
go developer,concurrency
go developer,docker
go developer,problem solving
rust developer,rust
rust developer,system programming
rust developer,memory safety
rust developer,cargo
rust developer,problem solving
rust developer,performance optimization
java backend developer,java
java backend developer,spring boot
java backend developer,sql
java backend developer,rest api
java backend developer,microservices
java backend developer,maven
c++ developer,c++
c++ developer,system programming
c++ developer,memory management
c++ developer,problem solving
c++ developer,debugging
c++ developer,performance
c# developer,c#
c# developer,.net framework
c# developer,sql
c# developer,azure
c# developer,api development
c# developer,linq
scala developer,scala
scala developer,functional programming
scala developer,apache spark
scala developer,sql
scala developer,problem solving
scala developer,big data
perl developer,perl
perl developer,text processing
perl developer,scripting
perl developer,regular expressions
perl developer,problem solving
perl developer,system administration
shell script developer,shell scripting
shell script developer,linux
shell script developer,automation
shell script developer,bash
shell script developer,system administration
shell script developer,problem solving
elixir developer,elixir
elixir developer,phoenix framework
elixir developer,functional programming
elixir developer,erlang
elixir developer,distributed systems
elixir developer,problem solving
clojure developer,clojure
clojure developer,functional programming
clojure developer,java interop
clojure developer,lispyscript
clojure developer,problem solving
clojure developer,concurrency
haskell developer,haskell
haskell developer,functional programming
haskell developer,type system
haskell developer,problem solving
haskell developer,concurrency
haskell developer,lambda calculus
typescript developer,typescript
typescript developer,javascript
typescript developer,node.js
typescript developer,type safety
typescript developer,object-oriented design
typescript developer,problem solving
kotlin developer,kotlin
kotlin developer,android development
kotlin developer,java interop
kotlin developer,coroutines
kotlin developer,problem solving
kotlin developer,mobile development
swift developer,swift
swift developer,ios development
swift developer,xcode
swift developer,ui/ux
swift developer,problem solving
swift developer,mobile development
r programmer,r
r programmer,statistical analysis
r programmer,data visualization
r programmer,tidyverse
r programmer,ggplot2
r programmer,problem solving
matlab developer,matlab
matlab developer,numerical analysis
matlab developer,signal processing
matlab developer,simulink
matlab developer,problem solving
matlab developer,mathematics
jupyter developer,jupyter notebooks
jupyter developer,python
jupyter developer,data analysis
jupyter developer,visualization
jupyter developer,documentation
jupyter developer,collaboration
oracle dba,oracle database
oracle dba,sql
oracle dba,database administration
oracle dba,performance tuning
oracle dba,backup recovery
oracle dba,security
mongodb developer,mongodb
mongodb developer,nosql
mongodb developer,json
mongodb developer,javascript
mongodb developer,aggregation
mongodb developer,indexing
cassandra developer,cassandra
cassandra developer,nosql
cassandra developer,distributed systems
cassandra developer,cql
cassandra developer,scalability
cassandra developer,performance
redis developer,redis
redis developer,caching
redis developer,data structures
redis developer,pub/sub
redis developer,performance optimization
redis developer,scalability
elasticsearch developer,elasticsearch
elasticsearch developer,search technology
elasticsearch developer,analytics
elasticsearch developer,query dsl
elasticsearch developer,kibana
elasticsearch developer,performance
kafka developer,apache kafka
kafka developer,streaming
kafka developer,event processing
kafka developer,distributed systems
kafka developer,scalability
kafka developer,problem solving
spark developer,apache spark
spark developer,big data
spark developer,python
spark developer,scala
spark developer,distributed computing
spark developer,sql
hadoop developer,hadoop
hadoop developer,hdfs
hadoop developer,mapreduce
hadoop developer,big data
hadoop developer,java
hadoop developer,distributed computing
data warehouse architect,data warehouse design
data warehouse architect,etl
data warehouse architect,sql
data warehouse architect,dimensional modeling
data warehouse architect,performance tuning
data warehouse architect,strategic planning
etl developer,etl tools
etl developer,sql
etl developer,data integration
etl developer,data quality
etl developer,problem solving
etl developer,performance
talend developer,talend
talend developer,etl
talend developer,data integration
talend developer,java
talend developer,sql
talend developer,data quality
informatica developer,informatica
informatica developer,etl
informatica developer,data integration
informatica developer,sql
informatica developer,data quality
informatica developer,performance tuning
sas programmer,sas
sas programmer,statistical analysis
sas programmer,data management
sas programmer,visualization
sas programmer,sql
sas programmer,problem solving
power bi developer,power bi
power bi developer,data visualization
power bi developer,dax
power bi developer,sql
power bi developer,excel
power bi developer,dashboard development
looker developer,looker
looker developer,data visualization
looker developer,lookml
looker developer,sql
looker developer,analytics
looker developer,dashboard development
qlik developer,qlik sense
qlik developer,qlik view
qlik developer,data visualization
qlik developer,sql
qlik developer,analytics
qlik developer,dashboard development
tableau specialist,tableau
tableau specialist,data visualization
tableau specialist,sql
tableau specialist,analytics
tableau specialist,dashboard design
tableau specialist,communication
salesforce developer,salesforce
salesforce developer,apex
salesforce developer,visualforce
salesforce developer,lightning
salesforce developer,crm
salesforce developer,problem solving
salesforce administrator,salesforce
salesforce administrator,administration
salesforce administrator,configuration
salesforce administrator,user management
salesforce administrator,data management
salesforce administrator,support
sap developer,sap
sap developer,abap
sap developer,enterprise systems
sap developer,sql
sap developer,problem solving
sap developer,configuration
oracle applications developer,oracle apps
oracle applications developer,pl/sql
oracle applications developer,erp systems
oracle applications developer,sql
oracle applications developer,problem solving
oracle applications developer,configuration
shopify developer,shopify
shopify developer,liquid
shopify developer,javascript
shopify developer,api integration
shopify developer,e-commerce
shopify developer,problem solving
wordpress developer,wordpress
wordpress developer,php
wordpress developer,javascript
wordpress developer,css
wordpress developer,plugin development
wordpress developer,theme development
drupal developer,drupal
drupal developer,php
drupal developer,javascript
drupal developer,mysql
drupal developer,theme development
drupal developer,module development
magento developer,magento
magento developer,php
magento developer,javascript
magento developer,e-commerce
magento developer,mysql
magento developer,problem solving
joomla developer,joomla
joomla developer,php
joomla developer,javascript
joomla developer,cms
joomla developer,mysql
joomla developer,theme development
cybersecurity analyst,threat analysis
cybersecurity analyst,vulnerability assessment
cybersecurity analyst,security systems
cybersecurity analyst,log analysis
cybersecurity analyst,incident response
cybersecurity analyst,risk assessment
ethical hacker,penetration testing
ethical hacker,hacking tools
ethical hacker,networking
ethical hacker,security
ethical hacker,problem solving
ethical hacker,vulnerability research
soc analyst,siem
soc analyst,threat detection
soc analyst,incident response
soc analyst,log analysis
soc analyst,security protocols
soc analyst,communication
privacy officer,privacy law
privacy officer,gdpr
privacy officer,compliance
privacy officer,risk management
privacy officer,communication
privacy officer,strategic planning
compliance officer,compliance
compliance officer,regulations
compliance officer,auditing
compliance officer,risk management
compliance officer,documentation
compliance officer,communication
it help desk technician,technical support
it help desk technician,troubleshooting
it help desk technician,hardware
it help desk technician,software
it help desk technician,customer service
it help desk technician,communication
it field technician,hardware installation
it field technician,troubleshooting
it field technician,networking
it field technician,customer service
it field technician,problem solving
it field technician,documentation
website administrator,website management
website administrator,cms
website administrator,server administration
website administrator,html/css
website administrator,database management
website administrator,troubleshooting
technical writer,technical writing
technical writer,documentation
technical writer,api documentation
technical writer,communication
technical writer,organization
technical writer,problem solving
solutions engineer,technical problem solving
solutions engineer,solution design
solutions engineer,communication
solutions engineer,customer relations
solutions engineer,product knowledge
solutions engineer,presentation
pre-sales engineer,sales engineering
pre-sales engineer,technical knowledge
pre-sales engineer,communication
pre-sales engineer,product demonstration
pre-sales engineer,problem solving
pre-sales engineer,client relations
technical account manager,account management
technical account manager,technical knowledge
technical account manager,communication
technical account manager,problem solving
technical account manager,client relations
technical account manager,product knowledge
release manager,release management
release manager,project management
release manager,change control
release manager,documentation
release manager,communication
release manager,problem solving
it project manager,project management
it project manager,it knowledge
it project manager,leadership
it project manager,budget control
it project manager,communication
it project manager,problem solving
scrum master,scrum
scrum master,agile
scrum master,coaching
scrum master,team leadership
scrum master,problem solving
scrum master,communication
product owner,product strategy
product owner,agile
product owner,backlog management
product owner,communication
product owner,leadership
product owner,business acumen
academic data analyst,statistical analysis
academic data analyst,research
academic data analyst,python
academic data analyst,r
academic data analyst,academic writing
academic data analyst,problem solving
clinical data manager,clinical data
clinical data manager,regulatory compliance
clinical data manager,database management
clinical data manager,statistical analysis
clinical data manager,problem solving
clinical data manager,attention to detail
biomedical engineer,biomedical systems
biomedical engineer,medical devices
biomedical engineer,cad
biomedical engineer,problem solving
biomedical engineer,regulatory knowledge
biomedical engineer,technical design
software test engineer,test automation
software test engineer,manual testing
software test engineer,problem solving
software test engineer,selenium
software test engineer,api testing
software test engineer,documentation
performance tester,performance testing
performance tester,load testing
performance tester,jmeter
performance tester,analysis
performance tester,problem solving
performance tester,reporting
security tester,security testing
security tester,vulnerability testing
security tester,problem solving
security tester,security tools
security tester,risk assessment
security tester,reporting
retail manager,sales management
retail manager,customer service
retail manager,inventory control
retail manager,staff leadership
retail manager,cash handling
retail manager,problem solving
store manager,store management
store manager,sales
store manager,staff management
store manager,inventory
store manager,customer relations
store manager,problem solving
visual merchandiser,visual design
visual merchandiser,creativity
visual merchandiser,lighting
visual merchandiser,arrangement
visual merchandiser,sales
visual merchandiser,customer service
loss prevention manager,security
loss prevention manager,surveillance
loss prevention manager,investigation
loss prevention manager,problem solving
loss prevention manager,leadership
loss prevention manager,communication
cashier,cash handling
cashier,customer service
cashier,point of sale
cashier,accuracy
cashier,communication
cashier,friendliness
sales associate,sales
sales associate,customer service
sales associate,product knowledge
sales associate,communication
sales associate,problem solving
sales associate,teamwork
retail supervisor,supervision
retail supervisor,sales
retail supervisor,customer service
retail supervisor,inventory
retail supervisor,staff training
retail supervisor,problem solving
electrician,electrical work
electrician,safety
electrician,problem solving
electrician,technical knowledge
electrician,code knowledge
electrician,troubleshooting
plumber,plumbing systems
plumber,safety
plumber,problem solving
plumber,technical knowledge
plumber,code knowledge
plumber,customer service
carpenter,carpentry
carpenter,safety
carpenter,technical skills
carpenter,problem solving
carpenter,hand tools
carpenter,precision
hvac technician,hvac systems
hvac technician,troubleshooting
hvac technician,safety
hvac technician,technical knowledge
hvac technician,equipment
hvac technician,problem solving
welder,welding
welder,safety
welder,precision
welder,technical knowledge
welder,problem solving
welder,physical stamina
heavy equipment operator,equipment operation
heavy equipment operator,safety
heavy equipment operator,problem solving
heavy equipment operator,precision
heavy equipment operator,attention to detail
heavy equipment operator,communication
cnc machinist,cnc machines
cnc machinist,precision
cnc machinist,technical knowledge
cnc machinist,problem solving
cnc machinist,safety
cnc machinist,attention to detail
mechanic,vehicle mechanics
mechanic,troubleshooting
mechanic,problem solving
mechanic,equipment knowledge
mechanic,safety
mechanic,attention to detail
diesel mechanic,diesel engines
diesel mechanic,troubleshooting
diesel mechanic,technical skills
diesel mechanic,safety
diesel mechanic,problem solving
diesel mechanic,equipment knowledge
head chef,culinary skills
head chef,kitchen management
head chef,leadership
head chef,recipe development
head chef,food safety
head chef,creativity
sous chef,culinary skills
sous chef,kitchen management
sous chef,leadership
sous chef,training
sous chef,food safety
sous chef,creativity
line cook,cooking
line cook,food safety
line cook,kitchen skills
line cook,speed
line cook,accuracy
line cook,teamwork
pastry chef,baking
pastry chef,decoration
pastry chef,creativity
pastry chef,precision
pastry chef,food safety
pastry chef,time management
bartender,bartending
bartender,customer service
bartender,communication
bartender,memory
bartender,team work
bartender,problem solving
server,customer service
server,communication
server,memory
server,organization
server,problem solving
server,teamwork
hairstylist,hair styling
hairstylist,customer service
hairstylist,creativity
hairstylist,technical skills
hairstylist,communication
hairstylist,precision
makeup artist,makeup application
makeup artist,creativity
makeup artist,color theory
makeup artist,communication
makeup artist,technical skills
makeup artist,customer service
nail technician,nail care
nail technician,artistry
nail technician,customer service
nail technician,precision
nail technician,sanitation
nail technician,communication
esthetician,skincare
esthetician,facial treatment
esthetician,customer service
esthetician,product knowledge
esthetician,communication
esthetician,technical skills
massage therapist,massage therapy
massage therapist,anatomy
massage therapist,customer service
massage therapist,communication
massage therapist,problem solving
massage therapist,empathy
farmer,farming
farmer,equipment operation
farmer,problem solving
farmer,sustainability
farmer,business management
farmer,safety
farm manager,farm management
farm manager,crop knowledge
farm manager,equipment
farm manager,leadership
farm manager,business acumen
farm manager,sustainability
livestock manager,livestock care
livestock manager,health knowledge
livestock manager,equipment
livestock manager,problem solving
livestock manager,leadership
livestock manager,business skills
dairy manager,dairy operations
dairy manager,animal health
dairy manager,equipment
dairy manager,quality control
dairy manager,leadership
dairy manager,problem solving
park ranger,conservation
park ranger,public safety
park ranger,environmental knowledge
park ranger,communication
park ranger,outdoor skills
park ranger,problem solving
wildlife biologist,wildlife biology
wildlife biologist,research
wildlife biologist,data analysis
wildlife biologist,field work
wildlife biologist,problem solving
wildlife biologist,communication
conservation officer,conservation
conservation officer,law enforcement
conservation officer,environmental knowledge
conservation officer,problem solving
conservation officer,communication
conservation officer,safety
bus driver,driving
bus driver,safety
bus driver,customer service
bus driver,route knowledge
bus driver,problem solving
bus driver,responsibility
taxi driver,driving
taxi driver,navigation
taxi driver,customer service
taxi driver,problem solving
taxi driver,safety
taxi driver,communication
ship captain,navigation
ship captain,leadership
ship captain,maritime law
ship captain,safety
ship captain,problem solving
ship captain,technical knowledge
deck officer,navigation
deck officer,maritime knowledge
deck officer,safety
deck officer,technical skills
deck officer,leadership
deck officer,problem solving
crane operator,crane operation
crane operator,safety
crane operator,precision
crane operator,problem solving
crane operator,communication
crane operator,attention to detail
police officer,law enforcement
police officer,safety
police officer,problem solving
police officer,communication
police officer,physical fitness
police officer,judgment
security guard,security
security guard,awareness
security guard,communication
security guard,problem solving
security guard,safety
security guard,responsibility
firefighter,fire fighting
firefighter,safety
firefighter,physical fitness
firefighter,problem solving
firefighter,teamwork
firefighter,quick thinking
military officer,leadership
military officer,strategic planning
military officer,safety
military officer,communication
military officer,problem solving
military officer,discipline
detective,investigation
detective,analysis
detective,problem solving
detective,communication
detective,attention to detail
detective,judgment
geologist,geology
geologist,field work
geologist,analysis
geologist,research
geologist,problem solving
geologist,technical knowledge
meteorologist,meteorology
meteorologist,weather analysis
meteorologist,research
meteorologist,data analysis
meteorologist,problem solving
meteorologist,communication
microbiologist,microbiology
microbiologist,laboratory work
microbiologist,research
microbiologist,data analysis
microbiologist,problem solving
microbiologist,precision
botanist,plant science
botanist,field work
botanist,research
botanist,data analysis
botanist,problem solving
botanist,communication
news anchor,communication
news anchor,presentation
news anchor,writing
news anchor,research
news anchor,critical thinking
news anchor,on-camera skills
radio host,public speaking
radio host,communication
radio host,improvisation
radio host,interviewing
radio host,problem solving
radio host,personality
sports commentator,sports knowledge
sports commentator,public speaking
sports commentator,communication
sports commentator,enthusiasm
sports commentator,quick thinking
sports commentator,writing
announcer,public speaking
announcer,voice skills
announcer,pronunciation
announcer,communication
announcer,professionalism
announcer,quick thinking
athlete,athletic ability
athlete,training discipline
athlete,teamwork
athlete,mental toughness
athlete,performance
athlete,fitness
sports agent,sales
sports agent,negotiation
sports agent,sports knowledge
sports agent,communication
sports agent,business acumen
sports agent,networking
athletic trainer,athletic training
athletic trainer,first aid
athletic trainer,sports knowledge
athletic trainer,communication
athletic trainer,problem solving
athletic trainer,empathy
librarian,information management
librarian,research
librarian,organization
librarian,communication
librarian,customer service
librarian,technology
archivist,archives management
archivist,organization
archivist,preservation
archivist,research
archivist,documentation
archivist,problem solving
museum curator,curation
museum curator,art knowledge
museum curator,research
museum curator,communication
museum curator,problem solving
museum curator,management
conservator,conservation
conservator,restoration
conservator,technical skills
conservator,precision
conservator,research
conservator,problem solving
exhibition designer,exhibition design
exhibition designer,creativity
exhibition designer,technical skills
exhibition designer,communication
exhibition designer,problem solving
exhibition designer,project management
veterinarian,veterinary medicine
veterinarian,animal care
veterinarian,diagnosis
veterinarian,communication
veterinarian,compassion
veterinarian,problem solving
veterinary technician,veterinary care
veterinary technician,animal handling
veterinary technician,technical skills
veterinary technician,communication
veterinary technician,compassion
veterinary technician,safety
